{"input": "data/auntminnie-a-2020_01_28_23_51_6665_2020_01_28_Vietnam_coronavirus.jpeg", "dicom_metadata": {"age": -1, "rows": 888, "columns": 882, "bits_stored": 8}, "image_metadata": {"chest_xr_proba": 0.9990783929824829, "frontal_xr_proba": 0.9999067783355713, "ap_xr_proba": 0.9646456837654114}, "probas": {"mask_proba": [0.0030818709637969732, 0.0249999538064003, 0.6846932768821716, 0.28722482919692993], "multioutput_299_proba": [0.033317118883132935, 0.29449695348739624, 0.16915206611156464, 0.5030338764190674], "multioutput_764_proba": [0.040534235537052155, 0.393073707818985, 0.46499064564704895, 0.10140140354633331], "ensemble_proba": [0.018146924674510956, 0.1645488440990448, 0.49226486682891846, 0.3250393569469452]}, "class_names": ["normal", "abnormal", "pneumonia", "covid+"]}