{"input": "data/dicom_00000001_000.dcm", "dicom_metadata": {"age": -1, "rows": 1024, "columns": 1024, "bits_stored": 8}, "image_metadata": {"chest_xr_proba": 1.0, "frontal_xr_proba": 1.0, "ap_xr_proba": 0.00010500986536499113}, "probas": {"mask_proba": [5.230858278082451e-06, 0.00016674153448548168, 0.9991641044616699, 0.0006639342755079269], "multioutput_299_proba": [0.11703912168741226, 0.24349969625473022, 0.5786788463592529, 0.06078242138028145], "multioutput_764_proba": [0.01273279171437025, 0.3241068720817566, 0.4514338970184326, 0.2117263823747635], "ensemble_proba": [0.03797374665737152, 0.12487535923719406, 0.7855179309844971, 0.0516330748796463]}, "class_names": ["normal", "abnormal", "pneumonia", "covid+"]}