{"input": "data/dicom_00000001_000.dcm", "dicom_metadata": {"age": -1, "rows": 1024, "columns": 1024, "bits_stored": 8}, "image_metadata": {"chest_xr_proba": 1.0, "frontal_xr_proba": 1.0, "ap_xr_proba": 0.00010500986536499113}, "probas": {"mask_proba": [4.7533900215057656e-05, 0.0008392020827159286, 0.9813771843910217, 0.017736153677105904], "multioutput_299_proba": [0.11650080233812332, 0.2437799572944641, 0.5785037875175476, 0.06121541187167168], "multioutput_764_proba": [0.11637815833091736, 0.34385809302330017, 0.4974958002567291, 0.04226798936724663], "ensemble_proba": [0.0537763275206089, 0.12836234271526337, 0.7829727530479431, 0.03488851338624954]}, "class_names": ["normal", "abnormal", "pneumonia", "covid+"]}